id,n_fiber_in_ports,housing,location
20,8,fiber_shelf/15,POINT (0.148416814189 52.2298513739546)
21,8,fiber_shelf/15,POINT (0.148416814189 52.2298513739546)
22,8,fiber_shelf/16,POINT (0.148416814189 52.2298513739546)
23,8,fiber_shelf/16,POINT (0.148416814189 52.2298513739546)
