id,n_fiber_out_ports,housing,location
30,4,rack/6,POINT (0.148416814189 52.2298513739546)
31,4,rack/6,POINT (0.148416814189 52.2298513739546)
