name,type,details,status,work_order,boundary
milton,Network Build,,Designing,,"POLYGON ((0.1278350245635477 52.22189428936647, 0.1319548976104227 52.22395801876917, 0.1336285960357157 52.22255153843815, 0.1338217150847879 52.22218348015645, 0.1332638156096903 52.22194686965017, 0.1342508685271707 52.22107928700794, 0.1345298182647196 52.22082952522646, 0.13352130767512 52.21979102696756, 0.1321051013152567 52.21910744524024, 0.1315257441680399 52.21930463335676, 0.1278350245635477 52.22189428936647))"
