id,name,location
1,Woodhead Hub,POINT (0.1366049051285 52.2240164428564)
2,Science Park Hub,POINT (0.148416814189 52.2298513739546)
