id,name,n_coax_in_ports,root_housing,housing,labor_costs,status,frequency,specification,location,offset_geom,myw_orientation_offset_geom,comsof_auto
1,WH-CT-001,1,manhole/259,manhole/259,,,,,0101000020E61000005534E0A9B1F8C03F4CDD0B6E121C4A40,0101000020E61000005634E07126F8C03F9018A1E0121C4A40,219.15425169033685,False
2,WH-CT-002,1,manhole/276,manhole/276,,,,,0101000020E6100000B8BF62EA9D1AC13F181EFFF7F11B4A40,0101000020E61000000A9349F8AA1CC13F98674508F11B4A40,234.54453434839883,False
