id,n_fiber_in_ports,location
1,24,POINT (0.136455707252 52.2241862934783)
2,24,POINT (0.1365757361054 52.2241189283759)
3,12,POINT (0.1359925402072 52.2239281284916)
4,12,POINT (0.1353345438838 52.2234612917333)
5,8,POINT (0.1335116475821 52.2239515420845)
6,8,POINT (0.1380164176226 52.2250326615595)
7,8,POINT (0.1372294880376313 52.2251289651262)
