id,name,location
1,Blackthorn, POINT (0.1345739 52.2240684)
2,Alice Bell,POINT (0.1373773813247681 52.22541219726033)
3,Gladeside, POINT (0.1370134845002012 52.22556915200117)
4,Laburnum, POINT(0.1347736 52.2232459)
5,Gladeside Park, POINT (0.1375597715377808 52.2255124204321)