name,purpose,boundary
conflicts1,Contains invalid data for testing integrity errors,0103000020E610000001000000050000006CDDBC27C57DC13FCA55EA61011D4A40BB61483FFB80C13F05A3923A011D4A406744696FF085C13F2B49AB15FE1C4A4041B7F4802283C13F5B99F04BFD1C4A406CDDBC27C57DC13FCA55EA61011D4A40
comsof_errors,Owns 'broken' Comsof workspaces use to exercise error handling,"POLYGON ((0.1325860459486641 52.23010461075114, 0.1375213105360665 52.23282505558603, 0.1396027047316231 52.23132686021455, 0.1368775803724923 52.2295197590509, 0.1344206769148507 52.2294803305692, 0.1334979970137276 52.22957233030542, 0.1325860459486641 52.23010461075114))"
conflicts1,,"POLYGON ((0.1366507 52.22660469, 0.136748701 52.2266, 0.1369 52.226504048, 0.1368144159 52.22648, 0.1366507 52.22660469))"
verrors1,Contains validation errors for testing tree handling of broken data,0103000020E610000001000000070000006D3952E9BDB6C13F6CBBCB62161D4A406E3952E90FDDC13FE400D7AB121D4A406D3952698DEEC13F904E668BFC1C4A406E3952E9C6DAC13F9C5FD3ACFD1C4A40B2F9FF1FF8B7C13F850ECD940B1D4A406A395269B8B4C13FACE3D0F2101D4A406D3952E9BDB6C13F6CBBCB62161D4A40

